,Names,Prices,Ratings,Images,Links
0,Honda SP 125,"₹ 86,751",4.4/5,https://imgd.aeplcdn.com/227x128/n/cw/ec/43482/sp-125-right-front-three-quarter-2.jpeg?isig=0&q=80,https://www.bikewale.com/honda-bikes/sp-125/
1,Honda Activa 6G,"₹ 77,713",4.1/5,https://imgd.aeplcdn.com/227x128/n/cw/ec/44686/activa-6g-right-front-three-quarter.jpeg?q=80,https://www.bikewale.com/honda-bikes/activa-6g/
2,Honda Shine,"₹ 80,408",4.4/5,https://imgd.aeplcdn.com/227x128/n/cw/ec/45481/shine-right-front-three-quarter-2.png?isig=0&q=80,https://www.bikewale.com/honda-bikes/shine/
3,Honda Hness CB350,"₹ 2,09,558",4.6/5,https://imgd.aeplcdn.com/0x0/statics/grey.gif,https://www.bikewale.com/honda-bikes/hness-cb350/
4,Honda SP160,"₹ 1,18,094",4.5/5,https://imgd.aeplcdn.com/0x0/statics/grey.gif,https://www.bikewale.com/honda-bikes/sp160/
5,Honda Unicorn,"₹ 1,09,678",4.2/5,https://imgd.aeplcdn.com/0x0/statics/grey.gif,https://www.bikewale.com/honda-bikes/unicorn/
6,Honda Activa 125,"₹ 82,045",4.4/5,https://imgd.aeplcdn.com/0x0/statics/grey.gif,https://www.bikewale.com/honda-bikes/activa-125/
7,Honda Dio,"₹ 74,234",4.5/5,https://imgd.aeplcdn.com/0x0/statics/grey.gif,https://www.bikewale.com/honda-bikes/dio/
8,Honda CB350,"₹ 1,99,900",4.9/5,https://imgd.aeplcdn.com/0x0/statics/grey.gif,https://www.bikewale.com/honda-bikes/cb350/
9,Honda Hornet 2.0,"₹ 1,39,000",4.2/5,https://imgd.aeplcdn.com/0x0/statics/grey.gif,https://www.bikewale.com/honda-bikes/hornet/
10,Honda Shine 100,"₹ 65,012",4.5/5,https://imgd.aeplcdn.com/0x0/statics/grey.gif,https://www.bikewale.com/honda-bikes/shine-100/
11,Honda CB300R,"₹ 2,40,042",4.8/5,https://imgd.aeplcdn.com/0x0/statics/grey.gif,https://www.bikewale.com/honda-bikes/cb300r/
12,Honda Dio 125,"₹ 86,150",4.8/5,https://imgd.aeplcdn.com/0x0/statics/grey.gif,https://www.bikewale.com/honda-bikes/dio-125/
13,Honda CB350RS,"₹ 2,15,100",4.7/5,https://imgd.aeplcdn.com/0x0/statics/grey.gif,https://www.bikewale.com/honda-bikes/cb350rs/
14,Honda CB300F,"₹ 1,70,093",4.5/5,https://imgd.aeplcdn.com/0x0/statics/grey.gif,https://www.bikewale.com/honda-bikes/cb300f/
15,Honda CB200X,"₹ 1,46,999",4.1/5,https://imgd.aeplcdn.com/0x0/statics/grey.gif,https://www.bikewale.com/honda-bikes/cb200x/
16,Honda X-Blade,"₹ 1,15,768",4.5/5,https://imgd.aeplcdn.com/0x0/statics/grey.gif,https://www.bikewale.com/honda-bikes/x-blade/
17,Honda Livo,"₹ 78,826",4.4/5,https://imgd.aeplcdn.com/0x0/statics/grey.gif,https://www.bikewale.com/honda-bikes/livo/
18,Honda CBR 650R,"₹ 9,34,816",4.7/5,https://imgd.aeplcdn.com/0x0/statics/grey.gif,https://www.bikewale.com/honda-bikes/cbr-650r/
19,Honda CD 110 Dream,"₹ 73,421",4.2/5,https://imgd.aeplcdn.com/0x0/statics/grey.gif,https://www.bikewale.com/honda-bikes/dream/
